Title,Company,Location,Link
Full Stack Java Developer,Lumen,"Town and Country, MO",https://stackoverflow.com/jobs/524063
Senior Backend Developer,Soul Machines Limited,"Phoenix, AZ",https://stackoverflow.com/jobs/503102
"Frontend Engineer - Junior to Senior - Vue.js, Go",Ezoic,"Carlsbad, CA",https://stackoverflow.com/jobs/427868
"Full Stack Engineer - Junior to Senior - Vue.js, Go",Ezoic,"Carlsbad, CA",https://stackoverflow.com/jobs/427867
"Senior Software Engineer - Go, Vue.js, Machine Learning",Ezoic,"Carlsbad, CA",https://stackoverflow.com/jobs/427866
iOS Developer,"Ciber Global, LLC","Orlando, FL",https://stackoverflow.com/jobs/518630
Android Software Engineer,"Ciber Global, LLC","Orlando, FL",https://stackoverflow.com/jobs/518610
Java-Softwareentwickler (w/m/d),parcIT GmbH,"K√∂ln, Deutschland",https://stackoverflow.com/jobs/524114
Senior Software Engineer - Ruby - Telehealth / Telemedicine,VisuWell,"Nashville, TN",https://stackoverflow.com/jobs/524142
Software Engineer (m/w/d),wearTell Deutschland GmbH,"Hamburg, Deutschland",https://stackoverflow.com/jobs/518590
Senior React Developer,Supermetrics Oy,"Helsinki, Finland",https://stackoverflow.com/jobs/524132
Experienced  Full-stack Developer with a Python-Django preference!,Apicbase Belgium,No office location,https://stackoverflow.com/jobs/515716
Frontend Entwickler (m/w/d),MT AG - enabling the adaptive enterprise,"Ratingen, Deutschland",https://stackoverflow.com/jobs/518379
Senior Fullstack Software Engineer (Java),Zuhlke Engineering Hongkong,Hong Kong,https://stackoverflow.com/jobs/432674
Developer - Frontend Focused,ComplYant,No office location,https://stackoverflow.com/jobs/527632
"Senior Software Engineer (Javascript/Typescript, React/Redux,Node)",Even Financial,"New York, NY",https://stackoverflow.com/jobs/460779
Senior Front End Developer,Excel Impact,"North Miami, FL",https://stackoverflow.com/jobs/527609
Frontend Developer,Cognitive Space,"Houston, TX",https://stackoverflow.com/jobs/518222
Javascript Engineer,Quantum Mob,"Toronto, ON, Canada",https://stackoverflow.com/jobs/527601
Senior Software Developer,Quantum Mob,"Toronto, ON, Canada",https://stackoverflow.com/jobs/527600
Full Stack Developer,Quantum Mob,"Toronto, ON, Canada",https://stackoverflow.com/jobs/527599
Senior/Principal Software Engineer (100% Remote),Cazana,No office location,https://stackoverflow.com/jobs/527591
Full Stack Developer (m/w/d),"Sthree GmbHviaProgressive, ein Gesch√§ftszweig der SThree GmbH","Dortmund, Deutschland",https://stackoverflow.com/jobs/524038
"Front End Engineer (React, New Relic) - 100% Remote",Modus Create,No office location,https://stackoverflow.com/jobs/527581
Senior Full Stack Engineer,On,"Berlin, Germany",https://stackoverflow.com/jobs/486363
Scientific Full-Stack Developer (m/f/d),BASF,"Ludwigshafen am Rhein, Deutschland",https://stackoverflow.com/jobs/523972
Frontend Entwickler (w/m/d),brandung GmbH & Co. KG,"K√∂ln, Deutschland",https://stackoverflow.com/jobs/252522
Engineering Manager (Remote),Science Suite Inc. (BioRender),"Toronto, ON, Canada",https://stackoverflow.com/jobs/518179
Senior/Lead Software Engineer,CV Partner,"London, UK",https://stackoverflow.com/jobs/471140
E-commerce und Plugin / Theme Entwickler (m/w/d),SOLIT Management GmbH,"Wiesbaden, Deutschland",https://stackoverflow.com/jobs/518171
SW-Entwickler C#/.NET und Web-Entwicklung (m/w/d) unseres Produktes Visit,ASTRUM IT GmbH,"Erlangen, Deutschland",https://stackoverflow.com/jobs/485931
Full Stack Developer (FE),Apple,"Bengaluru, India",https://stackoverflow.com/jobs/525535
Full Stack Developer,Apple,"Bengaluru, India",https://stackoverflow.com/jobs/525534
Front-End Engineer,Mixam,"Watford, UK",https://stackoverflow.com/jobs/523992
Full-Stack Developer,FlexEarn,"London, UK",https://stackoverflow.com/jobs/485775
QA Engineer (f/m/d),dreamIT GmbH,"Hamburg, Deutschland",https://stackoverflow.com/jobs/523988
Frontend developer (NextJS/React) with a passion for open source,5 Monkeys Agency ABvia5 Monkeys Agency AB,"Stockholm, Sweden",https://stackoverflow.com/jobs/518074
Senior Fullstack Developer (f/m/x),kreuzwerker,"Berlin, Germany",https://stackoverflow.com/jobs/518073
Frontend Developer (m/f/d) at Netdoktor,Hubert Burda Media,"M√ºnchen, Deutschland",https://stackoverflow.com/jobs/523979
Frontend Web Developer,Skillhouse Staffing Solutions,"Tokyo, Japan",https://stackoverflow.com/jobs/470540
"Data Architect ( Lead, Thunderhead one)",Modus Create,No office location,https://stackoverflow.com/jobs/527441
Data Science and Analytics Engineer,MITRE,"McLean, VA",https://stackoverflow.com/jobs/523959
Software Engineer Manager - Frontend,Givelify,No office location,https://stackoverflow.com/jobs/527431
Front end Data Visualisation Engineer,Neo4j,"London, UK",https://stackoverflow.com/jobs/501802
Full Stack Vue.JS Pro...Who Wants to Dent the Universe,Digital Masterplanning,No office location,https://stackoverflow.com/jobs/523933
Software Developer (Data Collections Team),Adpearance,"Portland, OR",https://stackoverflow.com/jobs/527426
Full-stack Software Engineer,Otta,"London, UK",https://stackoverflow.com/jobs/501766
Full Stack Engineer,Facet Wealth,"Baltimore, MD",https://stackoverflow.com/jobs/527407
"Senior Frontend Developer (React.js, Vue.js) (Remote US Only)",X-Team,No office location,https://stackoverflow.com/jobs/527405
"Senior Backend Developer (C#, .Net) (Remote US Only)",X-Team,No office location,https://stackoverflow.com/jobs/527404
Senior Full-Stack Django/Python Developer,"Share Edge, LLC","Manhattan Beach, CA",https://stackoverflow.com/jobs/501234
Backend Developer (m/f/d) at Netdoktor,Hubert Burda Media,"M√ºnchen, Deutschland",https://stackoverflow.com/jobs/523903
Senior Java Engineer- Gift Cards- R8949,"Chewy, Inc.","Boston, MA",https://stackoverflow.com/jobs/523897
Senior Java Engineer- Gift Cards- R8949,"Chewy, Inc.","Boston, MA",https://stackoverflow.com/jobs/523896
Full Stack Software Engineer,iKhokha,"Umhlanga, South Africa",https://stackoverflow.com/jobs/302216
Software Engineer,Freelancer.com,"Sydney, Australia",https://stackoverflow.com/jobs/527384
Senior Front End Developer,Trafilea,No office location,https://stackoverflow.com/jobs/501496
Senior Full-Stack Developer,Lastmile Retail,No office location,https://stackoverflow.com/jobs/523843
Lead Front-End Developer,UPowr Pty Ltd,"Sydney, Australia",https://stackoverflow.com/jobs/501472
Senior React Developer,AppEvolve,No office location,https://stackoverflow.com/jobs/249608
Senior Frontend Engineer - Pi√±ata Farms (Los Angeles),Unusual Ventures,"Los Angeles, CA",https://stackoverflow.com/jobs/490535
Senior Backend Engineer - Pi√±ata Farms (Los Angeles),Unusual Ventures,"Los Angeles, CA",https://stackoverflow.com/jobs/490533
Senior Full-Stack Engineer (United Income),Capital One Financial Corporation,"McLean, VA",https://stackoverflow.com/jobs/527311
Master Front-End Engineer (United Income),Capital One Financial Corporation,"McLean, VA",https://stackoverflow.com/jobs/527216
Senior Full-Stack Engineer (United Income),Capital One Financial Corporation,"McLean, VA",https://stackoverflow.com/jobs/527210
Senior .NET Software Engineer,Emergent Software,"Minneapolis, MN",https://stackoverflow.com/jobs/527184
Frontend Software Engineer (React),Idelic Inc,"Pittsburgh, PA",https://stackoverflow.com/jobs/493257
"Backend Developer (Node.js, Salesforce) (Remote)",X-Team,No office location,https://stackoverflow.com/jobs/527167
Backend Engineer,trivago N.V.,"D√ºsseldorf, Germany",https://stackoverflow.com/jobs/527163
Test Analyst at LMAX Group,LMAX Group,"London, UK",https://stackoverflow.com/jobs/245647
Senior Fullstack Developer - Java / Kotlin / Javascript,teckro,"Dublin 2, Ireland",https://stackoverflow.com/jobs/401733
Senior PHP App Developer (Laravel/Vue.js),Delicious Brains Inc,No office location,https://stackoverflow.com/jobs/527145
PHP Entwickler (Backend oder Full Stack)(m/w/d),WunschGutschein,"D√ºsseldorf, Deutschland",https://stackoverflow.com/jobs/365530
"Senior Software Engineer - Angular, React, Vue, etc. (online comparison portal)",Verivox GmbH,"Heidelberg, Germany",https://stackoverflow.com/jobs/485038
Senior Front-End Developer (m/f/d) - for legal tech startup in Munich,DataGuard,"M√ºnchen, Deutschland",https://stackoverflow.com/jobs/281206
Hackers wanted - UI/UX Engineer (m/f/d),freiheit.com technologies,"Hamburg, Deutschland",https://stackoverflow.com/jobs/91520
UX / UI Specialist,TheVentury GmbH,"Wien, √ñsterreich",https://stackoverflow.com/jobs/527107
Frontend Developer II - Remote (Outside US),Agiloft,No office location,https://stackoverflow.com/jobs/527045
Senior Software Engineer- Integrations,NowPow,"Chicago, IL",https://stackoverflow.com/jobs/527030
Junior Developer,Ontario Digital Service,"Toronto, ON, Canada",https://stackoverflow.com/jobs/527027
Staff Software Engineer (Front End) - Level 4,Addison Group,No office location,https://stackoverflow.com/jobs/517396
Full Stack Web Developer (m/w/d),EyeC GmbH,"Hamburg, Deutschland",https://stackoverflow.com/jobs/408137
Frontend Web Developer (m/w/d),EyeC GmbH,"Hamburg, Deutschland",https://stackoverflow.com/jobs/408135
Lead Front End Engineer,The LEGO Group,"Billund, Denmark",https://stackoverflow.com/jobs/527013
Senior Fullstack Developer (f/m/d),Greentube Internet Entertainment Solutions GmbH,"Vienna, Austria",https://stackoverflow.com/jobs/527010
Senior Go Engineer at Openly - Insurtech,Openly,No office location,https://stackoverflow.com/jobs/500599
Senior Webentwickler / Frontend oder Fullstack (m/w/d,Rockstardevelopers GmbH,No office location,https://stackoverflow.com/jobs/527002
Fullstack Developer,funda,"Amsterdam, Netherlands",https://stackoverflow.com/jobs/517353
Lead .NET Developer,Addison Group,"Franklin, TN",https://stackoverflow.com/jobs/526998
Director of Engineering (m/f/div),On,"Berlin, Germany",https://stackoverflow.com/jobs/526995
Talented Front End developer,Apicbase Belgium,No office location,https://stackoverflow.com/jobs/526988
"Senior Web Frontend Engineer Z√ºrich, 80-100%",Ergon,"Z√ºrich, Schweiz",https://stackoverflow.com/jobs/526985
Fullstack Software Engineer (f/m/d),Trusted Shops GmbH,No office location,https://stackoverflow.com/jobs/523625
PHP Developer,Quant,"London, UK",https://stackoverflow.com/jobs/517291
Azure Full Stack Developer,Innofactor Oyj,"Espoo, Finland",https://stackoverflow.com/jobs/517279
DevOps Engineer,Harlem Next,"Haarlem, Netherlands",https://stackoverflow.com/jobs/423490
Senior Frontend Engineer (f/m/d),real.digital,"K√∂ln, Deutschland",https://stackoverflow.com/jobs/501205
"Full Stack Engineer (PHP, VueJS)",Modus Create,No office location,https://stackoverflow.com/jobs/526966
Experienced Ruby Developer,SimplePay,No office location,https://stackoverflow.com/jobs/516780
Frontend Developer (m/f/x),Pepper Media Holding GmbH,"Winnipeg, MB, Canada",https://stackoverflow.com/jobs/526952
"Full Stack Developer (VueJS, Ruby, Javascript)",Nurole Ltd,"London, UK",https://stackoverflow.com/jobs/331256
Senior PHP Developer,Defiant Inc,No office location,https://stackoverflow.com/jobs/500281
Senior Software Engineer,CarSaver Management LLC,"Franklin, TN",https://stackoverflow.com/jobs/526936
Senior Software Engineering Manager,ACV Auctions,"Buffalo, NY",https://stackoverflow.com/jobs/517055
Senior Full Stack Developer/ Team Lead,Creative Mines,"Hancock, MI",https://stackoverflow.com/jobs/500245
Software Engineering Manager,ACV Auctions,"Buffalo, NY",https://stackoverflow.com/jobs/517049
Software Engineer,"PWNHealth, LLC","New York, NY",https://stackoverflow.com/jobs/500265
Frontend Developer (Remote),Soshace LLC,No office location,https://stackoverflow.com/jobs/516945
Senior Full-Stack Engineer with Node.js - Tradeshift Go,Tradeshift,"Bucharest, Romania",https://stackoverflow.com/jobs/526924
Front-end Developer Vuejs,CareSend,No office location,https://stackoverflow.com/jobs/499953
Senior UI Developer interested in collaborative hardware development,Wikifactory,No office location,https://stackoverflow.com/jobs/448569
Senior Web Developer (Front-End),"Springbit, Inc.","Alpharetta, GA",https://stackoverflow.com/jobs/523610
Framtunga utvecklare till Cygni,Cygni,"Stockholm, Sweden",https://stackoverflow.com/jobs/447407
Fullstackutvecklande Cygnian,Cygni,"Stockholm, Sweden",https://stackoverflow.com/jobs/447405
Software Engineer - Frontend,adidas Zaragoza Tech Hub,"Zaragoza, Spain",https://stackoverflow.com/jobs/500197
Ruby on Rails Developer (f/m/div) in FinTech,PAIR Finance GmbH,"Berlin, Deutschland",https://stackoverflow.com/jobs/424974
Ruby on Rails Developer,Imaginary Cloud,"Lisbon, Portugal",https://stackoverflow.com/jobs/526875
Big Data Engineer (i.e. Hadoop),Imaginary Cloud,"Lisbon, Portugal",https://stackoverflow.com/jobs/526873
Tech Lead (Python),Belvo Technologies,No office location,https://stackoverflow.com/jobs/526865
Senior Full Stack Software Engineer,Samotics,"Leiden, Netherlands",https://stackoverflow.com/jobs/516831
Senior Fullstack Web Developer,GoLeasy,"D√ºsseldorf, Germany",https://stackoverflow.com/jobs/526845
Frontend Software Engineer,MindDoc Health GmbH,"M√ºnchen, Germany",https://stackoverflow.com/jobs/430334
Senior Full Stack Engineer,Addison Group,No office location,https://stackoverflow.com/jobs/499942
Senior Software Engineer (.NET Core),"Unanet, Inc.",No office location,https://stackoverflow.com/jobs/526831
Full Stack Software Engineer,Applied,No office location,https://stackoverflow.com/jobs/526830
Senior Web UI Engineer (Contract),Demand.io,"Los Angeles, CA",https://stackoverflow.com/jobs/523582
Front End Engineer,Amazon Web Services,"New York, NY",https://stackoverflow.com/jobs/499873
Front End Developer,Nurun,No office location,https://stackoverflow.com/jobs/523579
Experienced Front End Engineer,AE nv/sa,"Leuven, Belgium",https://stackoverflow.com/jobs/523553
product software engineer,AE nv/sa,"Leuven, Belgium",https://stackoverflow.com/jobs/523550
Senior Front-end Developer for Ankara Office,Insider,"Ankara, Turkey",https://stackoverflow.com/jobs/516377
Senior Backend Developer,Quant,"London, UK",https://stackoverflow.com/jobs/499611
Backend Developer,Quant,"London, UK",https://stackoverflow.com/jobs/499172
Front-end Developer,Brainomix,"Oxford, UK",https://stackoverflow.com/jobs/516349
Senior / Mid-Level Frontend Developer,Graph Aware Limited,No office location,https://stackoverflow.com/jobs/505282
D√©veloppeur Crafteur JAVA (H/F),La Combe du Lion Vert,"Paris, France",https://stackoverflow.com/jobs/499582
(Senior) Frontend Software Engineer (m/f/d),Charles GmbH,"Berlin, Germany",https://stackoverflow.com/jobs/499379
„Éï„É≠„É≥„Éà„Ç®„É≥„Éâ„Ç®„É≥„Ç∏„Éã„Ç¢,HENNGE K.K.,"Tokyo, Japan",https://stackoverflow.com/jobs/381284
Front-End Software Engineer,HENNGE K.K.,"Tokyo, Japan",https://stackoverflow.com/jobs/381280
Full Stack Technical Lead,SSENSE,"Toronto, ON, Canada",https://stackoverflow.com/jobs/516156
1x Software Architect/Lead (Cloud) & 1x Senior DevOps Engineer,Solar And Storage Modelling Pty Ltd (Solcast),"Leichhardt, Australia",https://stackoverflow.com/jobs/434165
Senior Node/React Full-Stack Developer,"Gorilla Logic, Inc.",No office location,https://stackoverflow.com/jobs/523491
Senior Frontend Developer - remote,SAP,"Gliwice, Poland",https://stackoverflow.com/jobs/521157
Lead Full Stack Java Developer - Remote US,Lumen,No office location,https://stackoverflow.com/jobs/523482
Senior PHP Software Developer,Just Eat Takeaway.com,"Sofia, Bulgaria",https://stackoverflow.com/jobs/523480
Software Developer (remote or onsite),Aptera Software,"Fort Wayne, IN",https://stackoverflow.com/jobs/455016
"Frontend Developer (m/w/d) in Leipzig, Halle (Saale) oder Dresden",Relaxdays GmbH,"Leipzig, Deutschland",https://stackoverflow.com/jobs/433898
"Backend Developer PHP (m/w/d) in Leipzig, Halle (Saale) oder Dresden",Relaxdays GmbH,"Leipzig, Deutschland",https://stackoverflow.com/jobs/433896
"Backend Developer C# (w/m/d) in Leipzig, Halle (Saale) oder Dresden",Relaxdays GmbH,"Leipzig, Deutschland",https://stackoverflow.com/jobs/433895
"Software developer, full stack - Helsinki",Columbia Road,"Helsinki, Finland",https://stackoverflow.com/jobs/431663
Front End Technical Lead: remote + get-togethers nr. Bristol,EpimorphicsviaTechfolk Ltd,"Bristol, UK",https://stackoverflow.com/jobs/523220
Backend Engineer,Alice,"S√£o Paulo, Brazil",https://stackoverflow.com/jobs/513756
Senior Full-Stack PHP Developer,GeoPhy,"Den Haag, Netherlands",https://stackoverflow.com/jobs/523421
D√©veloppeur fullstack,Digital4Better,"Nantes, France",https://stackoverflow.com/jobs/515925
"Remote Senior Software Engineer, Javascript",Verys,No office location,https://stackoverflow.com/jobs/526802
Remote Node.js Developer - Spring - Revolutionary e-Commerce Platform,SpringviaSource Coders,No office location,https://stackoverflow.com/jobs/526799
Full Stack Developer,ECI Software Solutions,No office location,https://stackoverflow.com/jobs/515730
Senior Software Engineer,Genesys,"Durham, NC",https://stackoverflow.com/jobs/526795
Frontend Developer (React.js/Angular.js & Node.js),UK Home Office,"Croydon, UK",https://stackoverflow.com/jobs/526778
Senior Frontend Developer -design modern accessible public services for citizens,UK Home Office,"Croydon, UK",https://stackoverflow.com/jobs/526777
Front-end Developer,HOTMART,"Belo Horizonte, Brazil",https://stackoverflow.com/jobs/526776
"Full Stack Programmierer / JavaScript, Node.js, AWS, REST API (m/w/d)",ifm-Unternehmensgruppe,"Siegen, Deutschland",https://stackoverflow.com/jobs/526755
Webdeveloper for Backend (NodeJS) and Frontend (Vue) (m/f),RINGANA GmbH,"Wien, √ñsterreich",https://stackoverflow.com/jobs/421723
Full-Stack Software Developer- Remote,Upstack,No office location,https://stackoverflow.com/jobs/286028
Full Stack Senior/Mid-Level Software Engineer,Legna Software,"Winston-Salem, NC",https://stackoverflow.com/jobs/482933
Senior React Developer,Think Company,No office location,https://stackoverflow.com/jobs/526750
Senior Vue Developer,Cavai,No office location,https://stackoverflow.com/jobs/523315
Senior Full Stack Developer,Dash HudsonviaAlongside,"Halifax, NS, Canada",https://stackoverflow.com/jobs/515562
Senior Frontend Developer,MultiTracks.com,"Cedar Park, TX",https://stackoverflow.com/jobs/526425
Full Stack Mobile Developer (Flutter) (w/m/d),Lotum GmbH,"Frankfurt am Main, Deutschland",https://stackoverflow.com/jobs/526742
VueJS Frontend Dev (remote friendly),Cycloid,"Paris, France",https://stackoverflow.com/jobs/457234
Fullstack Web-Entwickler PHP/React (m/w/d) in Bremen,hmmh multimediahaus AG,"Bremen, Deutschland",https://stackoverflow.com/jobs/526714
Senior Front End Engineer UI/UX,"GridUnity, Inc",No office location,https://stackoverflow.com/jobs/472039
Java / Kotlin Developer (m/w/d),Haufe Group,"Hanover, Germany",https://stackoverflow.com/jobs/526704
Front-End Developer,Imaginary Cloud,"Lisbon, Portugal",https://stackoverflow.com/jobs/526601
"Front-End Developer (HTML, CSS, Vue.js, Animation)",Limesharp,No office location,https://stackoverflow.com/jobs/132347
Experienced Fullstack PHP/Symfony Developer,roadsurfer GmbH,"M√ºnchen, Deutschland",https://stackoverflow.com/jobs/497587
Teamleiter / Senior Java Entwickler (m/w),UNIQA Raiffeisen Software Service Kft.,"Budapest, Ungarn",https://stackoverflow.com/jobs/515491
Senior Java fejleszt≈ë,UNIQA Raiffeisen Software Service Kft.,"Budapest, Ungarn",https://stackoverflow.com/jobs/515490
Web Developer (m/f/d),Ravensburger AG,"Seattle, WA, USA",https://stackoverflow.com/jobs/497853
Software Engineer - Biotech startup helping dogs!,Embark Veterinary Inc.,"Boston, MA",https://stackoverflow.com/jobs/526658
Lead Software Engineer - Biotech startup helping dogs!,Embark Veterinary Inc.,"Boston, MA",https://stackoverflow.com/jobs/510445
Front-End Developer with Wordpress Expertise,"Duckpin Design, LLC.","Towson, MD",https://stackoverflow.com/jobs/468074
Senior JavaScript Developer,S√§rm√§ Digital Oy,No office location,https://stackoverflow.com/jobs/330722
Senior Full Stack Engineer,Addison Group,No office location,https://stackoverflow.com/jobs/498138
Backend Engineer,Everli,No office location,https://stackoverflow.com/jobs/526620
Senior .NET Developer,AIM,No office location,https://stackoverflow.com/jobs/526617
Backend-Entwickler (m/w/d),Bijou Brigitte modische Accessoires AG,"Hamburg, Deutschland",https://stackoverflow.com/jobs/526595
Senior Software Engineer,SimpleNexus LLC,No office location,https://stackoverflow.com/jobs/523125
Full Stack Engineer - Engagement Engineering,Apple,"Hyderabad, India",https://stackoverflow.com/jobs/472779
Senior Frontend Developer ioki (f/m/d),ioki GmbH,"Frankfurt am Main, Deutschland",https://stackoverflow.com/jobs/526499
Web Frontend Softwareentwickler (m/w/d),CADENAS GmbH,"Augsburg, Deutschland",https://stackoverflow.com/jobs/508307
Fullstack Software Developer (Java/JavaScript) (m/w/d),FTAPI Software GmbH,"M√ºnchen, Deutschland",https://stackoverflow.com/jobs/217452
Senior Full-stack Web Developer,F-Secure,"Pozna≈Ñ, Poland",https://stackoverflow.com/jobs/526479
Software-Developer (m/f/d),TOPdesk,"Kaiserslautern, Deutschland",https://stackoverflow.com/jobs/465952
Application Manager PHP,FactSet,"Frankfurt am Main, Germany",https://stackoverflow.com/jobs/526471
Backend developer to build robust systems with Kotlin,Shape A/S,"K√∏benhavn, Denmark",https://stackoverflow.com/jobs/370009
PHP Developer,Applaudo Studios,No office location,https://stackoverflow.com/jobs/526444
Full Stack Engineer,SimpleNexus LLC,No office location,https://stackoverflow.com/jobs/523006
Frontend Developer (Associate) - Consumer Industry Cloud,SAP,"Pudong, China",https://stackoverflow.com/jobs/494223
Full Stack Javascript Software Engineer,SDVI,No office location,https://stackoverflow.com/jobs/254207
Senior Software Engineer (Full Stack),Varsity Tutors,No office location,https://stackoverflow.com/jobs/526440
PHP Developer (Laravel | CakePHP | HTML5 | JS | Vue | Nuxt),Continued,No office location,https://stackoverflow.com/jobs/522977
Senior Front End Engineer,LeadIQ,Singapore,https://stackoverflow.com/jobs/523334
Lead Scala Engineer,LeadIQ,No office location,https://stackoverflow.com/jobs/411387
Full Stack Engineer,LeadIQ,No office location,https://stackoverflow.com/jobs/522484
Front-end Software Engineer (Any Stack --> Vue),Kaizen Gaming (Stoiximan/Betano),"Athens, Greece",https://stackoverflow.com/jobs/497598
Desarrollador/a de software C #,Hahn Softwareentwicklung,"Maxh√ºtte-Haidhof, Deutschland",https://stackoverflow.com/jobs/499656
ARCHITECTE SI (F/H),Octo Technology,"Paris, France",https://stackoverflow.com/jobs/445451
TECH LEAD (F/H),Octo Technology,"Paris, France",https://stackoverflow.com/jobs/445447
Front-End Developer for Industry-Transforming SaaS Product,War on the Rocks,"Washington, DC",https://stackoverflow.com/jobs/526399
Senior Full Stack Developer - Remote,Insider,No office location,https://stackoverflow.com/jobs/456301
(Senior) Software Engineer BILD.de (m/f/d),Axel Springer National Media & Tech,"Berlin, Deutschland",https://stackoverflow.com/jobs/497566
Support Engineer,SDVI,No office location,https://stackoverflow.com/jobs/492303
Software Engineer - SDVI DevOps,SDVI,No office location,https://stackoverflow.com/jobs/451626
Software Development Engineer in Test,SDVI,No office location,https://stackoverflow.com/jobs/219487
Front End Developer,Huboo Technologies Ltd,"Bristol, UK",https://stackoverflow.com/jobs/526330
(Senior) Frontend Engineer (m/f/d),Lendico Deutschland GmbH,"Berlin, Deutschland",https://stackoverflow.com/jobs/526326
Lead Software Engineer - Game Optimization Platform,Voodoo.io,"Paris, France",https://stackoverflow.com/jobs/410368
Vue.js Developper - Permanent / Full time,Steeple,"Rennes, France",https://stackoverflow.com/jobs/526317
Full Stack Engineer,Beatrust Inc.,"Minato City, Japan",https://stackoverflow.com/jobs/429319
"Software Architect ( Ionic,React)",Modus Create,No office location,https://stackoverflow.com/jobs/526247
Senior Quality Engineer & Quality Engineer-Remote US (Level based on experience),Ultranauts Inc,No office location,https://stackoverflow.com/jobs/514642
Desenvolvimento Python,Ambev Tech,No office location,https://stackoverflow.com/jobs/526239
Full-stack Software Developer,Dryden Group,No office location,https://stackoverflow.com/jobs/526236
Softwareentwickler (m/w/d) C# Healthcare,Meierhofer AG,"Berlin, Deutschland",https://stackoverflow.com/jobs/445033
Full Stack Software Engineer,F-Secure,"London, UK",https://stackoverflow.com/jobs/514490
Senior Java Developer who wants to make a difference!,O'Reilly Auto Parts,No office location,https://stackoverflow.com/jobs/514476
Development Manager / Principal Developer,SilverDoor,"London, UK",https://stackoverflow.com/jobs/526195
DevOps Engineer,e-bot7 GmbH,"Munich, Germany",https://stackoverflow.com/jobs/526189
Full Stack Developer (Medior/Senior),Sungevity,"Amsterdam, Netherlands",https://stackoverflow.com/jobs/526179
Site Reliability Engineer / Full Stack Developer (w/m/d) eCommerce,mobilcom-debitel GmbH,"Hamburg, Deutschland",https://stackoverflow.com/jobs/526175
Web Frontend Developer with an eye for professional user experience (m/f/d),Ergosign,"Hamburg, Deutschland",https://stackoverflow.com/jobs/456764
Web Frontend Developer with an eye for professional user experience (m/f/d),Ergosign,"Saarbr√ºcken, Deutschland",https://stackoverflow.com/jobs/456766
Senior JavaScript Developer (f/m/x),diconium group,"Stuttgart, Deutschland",https://stackoverflow.com/jobs/526154
Frontend Entwickler (m/w/d) Vue.js/C# Krankenhausinformationssystem,Meierhofer AG,"M√ºnchen, Deutschland",https://stackoverflow.com/jobs/372319
Experienced Frontend Web Engineer (Mikketa Team),Scoville,"Shibuya City, Japan",https://stackoverflow.com/jobs/513039
Senior Ruby on Rails Engineer,Hubstaff,No office location,https://stackoverflow.com/jobs/526135
"Senior Software Engineer, UI- Pet Health- R8094","Chewy, Inc.","Minneapolis, MN",https://stackoverflow.com/jobs/513973
"Senior Software Engineer, UI - Pet Health-R8094","Chewy, Inc.","Boston, MA",https://stackoverflow.com/jobs/513971
"Awesome Full-Stack Software Engineer - Java, Python, JavaScript (Fully Cleared)",Erias Ventures,"Annapolis Junction, MD",https://stackoverflow.com/jobs/432032
Senior Front-end / JS Developer (Remote),iubenda,"Milan, Italy",https://stackoverflow.com/jobs/513766
Java Fullstack Entwickler (m/w/d) - Weinheim & remote,objective partner AG,"Weinheim, Deutschland",https://stackoverflow.com/jobs/496584
Senior Backend/Fullstack Developer,Pensionera F√∂rmedling i Sverige AB,"Stockholm, Sweden",https://stackoverflow.com/jobs/526102
Senior Full Stack Engineer - Cyber Security,Myra Security GmbH,"M√ºnchen, Deutschland",https://stackoverflow.com/jobs/466848
Software Development Architect/Lead Developer (gn) Java,SoftwareONE Deutschland GmbH,"Leipzig, Germany",https://stackoverflow.com/jobs/526082
Software Development Architect (gn) C# / .NET,SoftwareONE Deutschland GmbH,"Leipzig, Germany",https://stackoverflow.com/jobs/526080
Software Developer (gn) Java,SoftwareONE Deutschland GmbH,"Leipzig, Germany",https://stackoverflow.com/jobs/526079
Software Developer (gn) C# / .NET,SoftwareONE Deutschland GmbH,"Leipzig, Germany",https://stackoverflow.com/jobs/526078
Senior Full Stack Software Engineer,Leapsome GmbH,"Berlin, Deutschland",https://stackoverflow.com/jobs/526077
Sr. Software Engineer,ZenLedger,USA Only,https://weworkremotely.com/company/zenledger
Full Stack Developer (Python & Vue.js),Motoinsight,Anywhere (100% Remote) Only,https://weworkremotely.com/company/motoinsight
Full-Stack Software Engineer with Back-End Emphasis,ZenLedger,USA Only,https://weworkremotely.com/company/zenledger
Senior Frontend Engineer (Vue.js),Parse.ly,Anywhere (100% Remote) Only,https://weworkremotely.com/company/parse-ly
Software Engineer IoT (Vue.js),Digimondo GmbH,Anywhere (100% Remote) Only,https://weworkremotely.com/company/digimondo-gmbh
Senior Frontend Engineer (Vue.js),Kasa,Europe Only,https://weworkremotely.com/company/kasa
Developer Experience Engineer,Storyblok GmbH,üåè Worldwide,https://remoteok.io/remote-jobs/103871-remote-developer-experience-engineer-storyblok-gmbh
Frontend Developer,Pleased.com,üåè Worldwide,https://remoteok.io/remote-jobs/103847-remote-frontend-developer-pleased-com
Engineering Manager,Carb Manager,üåè Worldwide,https://remoteok.io/remote-jobs/103703-remote-engineering-manager-carb-manager
Senior Frontend Engineer,Clubhouse Software,üåè Worldwide,https://remoteok.io/remote-jobs/103652-remote-senior-frontend-engineer-clubhouse-software
Senior Front End Developer,Backtracks.fm,üåè Worldwide,https://remoteok.io/remote-jobs/103510-remote-senior-front-end-developer-backtracks-fm
Senior Software Developer,Carb Manager,üåè Worldwide,https://remoteok.io/remote-jobs/103401-remote-senior-software-developer-carb-manager
Technical Lead,easyMoney,United Kingdom,https://remoteok.io/remote-jobs/103072-remote-technical-lead-easymoney
Front End Developer,MarcoPolo Learning,üåè Worldwide,https://remoteok.io/remote-jobs/102851-remote-front-end-developer-marcopolo-learning
Senior Fullstack Python Developer,Backtracks.fm,üåè Worldwide,https://remoteok.io/remote-jobs/102525-remote-senior-fullstack-python-developer-backtracks-fm
Software Engineer Full Stack,Mainvest,North America,https://remoteok.io/remote-jobs/102003-remote-software-engineer-full-stack-mainvest
Front End Developer,Flightradar24,Cet/cest +‚Äì2 Hours,https://remoteok.io/remote-jobs/100718-remote-front-end-developer-flightradar24
Web Developer,LearnCube,üåè Worldwide,https://remoteok.io/remote-jobs/100457-remote-web-developer-learncube
Frontend Web Developer,Refurbed,Only European Timezone,https://remoteok.io/remote-jobs/100455-remote-frontend-web-developer-refurbed
Senior Front End Developer,Rebilly,üåè Worldwide,https://remoteok.io/remote-jobs/100409-remote-senior-front-end-developer-rebilly
Senior Frontend Engineer,Octopods,üá™üá∫ EU-only,https://remoteok.io/remote-jobs/100214-remote-senior-frontend-engineer-octopods-ltd
Experienced Frontend Developer,IGBlade,üåè Worldwide,https://remoteok.io/remote-jobs/100211-remote-experienced-frontend-developer-igblade
Mid Senior Front End Developer,Series Eight,"Europe, Remote",https://remoteok.io/remote-jobs/99709-remote-mid-senior-front-end-developer-series-eight
Senior Vue JavaScript Frontend Developer,"Love, Bonito",Asia,https://remoteok.io/remote-jobs/99696-remote-senior-vue-js-frontend-developer-love-bonito
Full Stack Developer,Weslink GmbH,Utc+1 / German Timezone,https://remoteok.io/remote-jobs/99613-remote-full-stack-developer-weslink-gmbh
Full Stack Developer,Belighted,"Cet - 1, Cet, Cet + 1, Cet + 2",https://remoteok.io/remote-jobs/99548-remote-full-stack-developer-belighted
Vuenuxt Developer,Front Porch Solutions,Us/americas,https://remoteok.io/remote-jobs/97017-remote-vue-or-nuxt-developer-front-porch-solutions
Frontend Developer,Sporty,üåè Worldwide,https://remoteok.io/remote-jobs/96902-remote-frontend-developer-sporty
Senior Full Stack Developer,Bitbond,"Europe, Africa",https://remoteok.io/remote-jobs/84641-remote-senior-full-stack-developer-bitbond
JavaScript Developer,RemoteLeads,üåè Worldwide,https://remoteok.io/remote-jobs/84253-remote-javascript-developer-remoteleads
Frontend Developer,TestDome,üåè Worldwide,https://remoteok.io/remote-jobs/84183-remote-frontend-developer-vue-js-asp-net-testdome
Senior Frontend Developer,Likvido.com,üåè Worldwide,https://remoteok.io/remote-jobs/83260-remote-senior-front-end-developer-likvido-com
Senior JavaScript Developer Vuejs,etg24 GmbH,"Europe, Germany Pereferred",https://remoteok.io/remote-jobs/83044-remote-senior-javascript-developer-vuejs-etg24-gmbh
Full Stack Developer,Uscreen,üåè Worldwide,https://remoteok.io/remote-jobs/83028-remote-full-stack-developer-uscreen
Software Engineer Full Stack,Doximity,North America,https://remoteok.io/remote-jobs/76493-remote-software-engineer-full-stack-doximity
Fullstack Developer Fullystartup,Specula.io,üá™üá∫ EU-only,https://remoteok.io/remote-jobs/75688-remote-sr-full-stack-developer-node-vue-typescript-python-sql-elastic-fully-remote-startup-specula-io
Senior Software Engineer,Snowdrop,üá™üá∫ EU-only,https://remoteok.io/remote-jobs/75658-remote-senior-software-engineer-snowdrop
Lead Full Stack Developer,Wyzer,üá™üá∫ EU-only,https://remoteok.io/remote-jobs/75131-remote-lead-full-stack-developer-phoenix-vuejs-wyzer
Senior Frontend Developer,Rebilly,üåè Worldwide,https://remoteok.io/remote-jobs/74945-remote-senior-front-end-developer-rebilly
Senior PHP Developer,continued,üá∫üá∏ US-only,https://remoteok.io/remote-jobs/74078-remote-senior-php-developer-full-stack-cakephp-laravel-vue-jquery-continued
Fullstack Go Software Engineer,Private Business Network,No office location,https://remoteok.io/remote-jobs/72309-remote-full-stack-go-software-engineer-private-business-network
Front End Developer,Carb Manager,No office location,https://remoteok.io/remote-jobs/71855-remote-front-end-developer-carb-manager
Frontend JavaScript Developer with React Vueangular,Soshace,No office location,https://remoteok.io/remote-jobs/71563-remote-front-end-javascript-developer-with-react-vue-or-angular-soshace
Rubyrails + Vue JavaScript Engineer,PropertyNow,No office location,https://remoteok.io/remote-jobs/71467-remote-ruby-rails-vue-js-engineer-aud100k-propertynow
Lead Engineer,Fuigo,üá∫üá∏ US-only,https://remoteok.io/remote-jobs/71436-remote-lead-engineer-fuigo
Frontend JavaScript Developer,Soshace,No office location,https://remoteok.io/remote-jobs/71141-remote-front-end-javascript-developer-react-vue-angular2-soshace
Fullstack JavaScript Developer,Soshace,No office location,https://remoteok.io/remote-jobs/70901-remote-full-stack-javascript-developer-soshace
Vue.js Developer,Savvy Apps,No office location,https://remoteok.io/remote-jobs/70790-remote-vue-js-developer-savvy-apps
Senior Vuejs Engineer,Codelitt,No office location,https://remoteok.io/remote-jobs/70613-remote-senior-vuejs-engineer-codelitt
Fullstack JavaScript Developer,Soshace,No office location,https://remoteok.io/remote-jobs/70109-remote-full-stack-javascript-developer-soshace
Fullstack JavaScript Developer,Soshace,No office location,https://remoteok.io/remote-jobs/69895-remote-full-stack-javascript-developer-soshace
Full Stack Developer with React Experience,Codelitt,No office location,https://remoteok.io/remote-jobs/69888-remote-full-stack-developer-with-react-experience-codelitt
Frontend JavaScript Developer,Soshace,No office location,https://remoteok.io/remote-jobs/69821-remote-front-end-javascript-developer-soshace
Lead Frontend Developer with a Passion for UX,The Interaction Design Foundation,No office location,https://remoteok.io/remote-jobs/69759-remote-lead-front-end-developer-with-a-passion-for-ux-the-interaction-design-foundation
Application Developer,Blockstack,No office location,https://remoteok.io/remote-jobs/69751-remote-application-developer-blockstack
Frontend Developer,C4Media,"Romania, Spain, Slovenia, Slovakia, Portugal, Lithuania, Greece, Poland, Hungary, Czech Republic, Malta.",https://remoteok.io/remote-jobs/69456-remote-front-end-developer-remote-full-time-c4media
Fullstack JavaScript Developer,Soshace,No office location,https://remoteok.io/remote-jobs/69284-remote-full-stack-javascript-developer-soshace
Seeking Senior Full Stack PHP Developer,SMAR7 Apps LLC,No office location,https://remoteok.io/remote-jobs/69082-remote-seeking-senior-full-stack-php-developer-smar7-apps-llc
Full Stack Laravel Developer,Designer Wardrobe,No office location,https://remoteok.io/remote-jobs/61103-remote-full-stack-laravel-developer-designer-wardrobe
Front End Developer Vuejs,CareSend,No office location,https://remoteok.io/remote-jobs/102034-remote-front-end-developer-vuejs-caresend
Frontend Vuejs Software Engineer,BRG - The GAT Team,No office location,https://remoteok.io/remote-jobs/99882-remote-frontend-vuejs-software-engineer-brg-the-gat-team
Senior Vuejs FE Developer,Cycloid,No office location,https://remoteok.io/remote-jobs/99040-remote-senior-vuejs-fe-developer-cycloid
Senior Vuejs Developer,Codelitt,No office location,https://remoteok.io/remote-jobs/73236-remote-senior-vuejs-developer-codelitt
Experienced Laravel Vuejs Developer Needed,Curotec,No office location,https://remoteok.io/remote-jobs/68315-remote-experienced-laravel-vuejs-developer-needed-curotec
Senior Front End Developer Vuejs H F,Back Market,No office location,https://remoteok.io/remote-jobs/67049-remote-senior-front-end-developer-vuejs-h-f-back-market
